id;nome;artistas;album;release_date;duracao_ms;popularity;explicit;url;stem_path;BPM;Root_key;energia;acousticness;danceability;valence
0COqiPhxzoWICwFCS4eZcp;Bring Me To Life;Evanescence;Fallen;2003.0;235.893;85;False;https://open.spotify.com/track/0COqiPhxzoWICwFCS4eZcp;guitar_stems/Evanescence_-_Bring_Me_To_Life_(Official_HD_Music_Video).wav;95.0;E major;0.032535988837480545;0.6537760062514031;0.6900452315881431;1.180761820077896
5Xak5fmy089t0FYmh3VJiY;Black;Pearl Jam;Ten;1991.0;342.653;76;False;https://open.spotify.com/track/5Xak5fmy089t0FYmh3VJiY;guitar_stems/Pearl_Jam_-_Black_(Official_Audio).wav;77.0;A major;0.03847142681479454;0.6000930997602567;0.34116919210247987;0.8660281509160995
18lR4BzEs7e3qzc0KVkTpU;What I've Done;Linkin Park;Minutes to Midnight;2007.0;205.226;81;False;https://open.spotify.com/track/18lR4BzEs7e3qzc0KVkTpU;guitar_stems/What_I've_Done_(Official_Music_Video)_[4K_Upgrade]_-_Linkin_Park.wav;60.0;G minor;0.061673928052186966;0.6209061741648403;0.2933606163130434;1.084743994474411
4nnJRbVecvQwqf3OQP4mja;These Days;Bon Jovi;These Days;1995.0;387.826;59;False;https://open.spotify.com/track/4nnJRbVecvQwqf3OQP4mja;guitar_stems/Bon_Jovi_-_These_Days.wav;66.0;E minor;0.07394516468048096;0.5630754055623572;0.3512702907056165;0.9507479041814804
779ooI3rBd0CLqCiiJmtVo;Hero (feat. Josey Scott);Chad Kroeger, Josey Scott;Hero (feat. Josey Scott);2003.0;200.48;68;False;https://open.spotify.com/track/779ooI3rBd0CLqCiiJmtVo;guitar_stems/Hero_(feat._Josey_Scott).wav;75.0;E major;0.04611886292695999;0.6486818902152747;0.22106958669349325;1.2210279464721678
3AJwUDP919kvQ9QcozQPxg;Yellow;Coldplay;Parachutes;2000.0;266.773;90;False;https://open.spotify.com/track/3AJwUDP919kvQ9QcozQPxg;guitar_stems/Coldplay_-_Yellow_(Official_Video).wav;87.0;B major;0.09424663335084915;0.5898581943617053;0.590398783708493;0.9610206484794617
0gmbgwZ8iqyMPmXefof8Yf;How You Remind Me;Nickelback;Silver Side Up;2001.0;223.84;84;False;https://open.spotify.com/track/0gmbgwZ8iqyMPmXefof8Yf;guitar_stems/Nickelback_-_How_You_Remind_Me_[OFFICIAL_VIDEO].wav;86.0;F major;0.0732201486825943;0.5902382989880166;0.2736477118088289;1.1118744045495987
10Nmj3JCNoMeBQ87uw5j8k;Dani California;Red Hot Chili Peppers;Stadium Arcadium;2006.0;282.16;77;False;https://open.spotify.com/track/10Nmj3JCNoMeBQ87uw5j8k;guitar_stems/Red_Hot_Chili_Peppers_-_Dani_California_[Official_Music_Video].wav;96.0;A minor;0.05020835995674133;0.6027970286019333;0.5386884336159115;0.9273322284221649
5QpaGzWp0hwB5faV8dkbAz;Wherever You Will Go;The Calling;Camino Palmero;2001.0;208.6;76;False;https://open.spotify.com/track/5QpaGzWp0hwB5faV8dkbAz;guitar_stems/The_Calling_-_Wherever_You_Will_Go_(First_Video-_in_Tijuana).wav;56.0;D major;0.05711201950907707;0.6091608564445565;0.28091999893088065;1.0158780276775359
5qqabIl2vWzo9ApSC317sa;WONDERWaLL - Remastered;Oasis;(What's The Story) Morning Glory? [Remastered];1995.0;258.773;77;False;https://open.spotify.com/track/5qqabIl2vWzo9ApSC317sa;;;;;;;
7aySoZnwt7c6lA54qVVUOk;Never Gonna Be Alone;Nickelback;Dark Horse;2008.0;227.026;59;False;https://open.spotify.com/track/7aySoZnwt7c6lA54qVVUOk;guitar_stems/Nickelback_-_Never_Gonna_Be_Alone_[OFFICIAL_VIDEO].wav;64.0;E major;0.04195457696914673;0.6210037817329157;0.2337561852971139;0.8733018726110459
48UPSzbZjgc449aqz8bxox;Californication;Red Hot Chili Peppers;Californication (Deluxe Edition);1999.0;329.733;83;False;https://open.spotify.com/track/48UPSzbZjgc449aqz8bxox;guitar_stems/Red_Hot_Chili_Peppers_-_Californication_(Official_Music_Video)_[HD_UPGRADE].wav;97.0;A minor;0.09157341718673706;0.533783012367121;0.4774548547240379;0.9676976680755615
60a0Rd6pjrkxjPbaKzXjfq;In the End;Linkin Park;Hybrid Theory (Bonus Edition);2000.0;216.88;86;False;https://open.spotify.com/track/60a0Rd6pjrkxjPbaKzXjfq;guitar_stems/In_The_End_[Official_HD_Music_Video]_-_Linkin_Park.wav;79.0;Eb minor;0.04656067490577698;0.616833815199527;0.21366210229081123;1.0241664737462997
6rFKHZniKTOhcYnw5T55Bw;I Miss You;blink-182;Greatest Hits [International Version (Explicit)];2005.0;227.813;0;False;https://open.spotify.com/track/6rFKHZniKTOhcYnw5T55Bw;guitar_stems/blink-182_-_I_Miss_You_(Official_Video).wav;60.0;E major;0.0027318273205310106;0.6723319716792013;0.1594081541604645;1.1736782491207123
4pkFvX3AkuiSGPkv8gMlks;Save Me;Remy Zero;The Golden Hum;2001.0;239.133;61;False;https://open.spotify.com/track/4pkFvX3AkuiSGPkv8gMlks;guitar_stems/Save_Me.wav;96.0;Eb minor;0.05950084701180458;0.5939186441253316;0.46434051052845293;0.9026054173707961
6LqhMIfxCPBhaRdV0oaek3;Livin' On A Prayer;Bon Jovi;Cross Road;1994.0;251.333;43;False;https://open.spotify.com/track/6LqhMIfxCPBhaRdV0oaek3;guitar_stems/Bon_Jovi_-_Livin'_On_A_Prayer.wav;62.0;E major;0.045671649277210236;0.6178487982863576;0.2756275363481031;0.9423574268817901
5OQsiBsky2k2kDKy2bX2eT;Learn to Fly;Foo Fighters;There Is Nothing Left To Lose;1999.0;235.293;75;False;https://open.spotify.com/track/5OQsiBsky2k2kDKy2bX2eT;;;;;;;
6QewNVIDKdSl8Y3ycuHIei;Even Flow;Pearl Jam;Ten;1991.0;292.58;78;True;https://open.spotify.com/track/6QewNVIDKdSl8Y3ycuHIei;guitar_stems/Pearl_Jam_-_Even_Flow_(Official_Video).wav;63.0;D major;0.04410146549344063;0.6039402847639802;0.33173919356027215;0.949177622795105
4JiEyzf0Md7KEFFGWDDdCr;Knockin' On Heaven's Door;Guns N' Roses;Use Your Illusion II;1991.0;336.0;80;False;https://open.spotify.com/track/4JiEyzf0Md7KEFFGWDDdCr;guitar_stems/Guns_N'_Roses_-_Knockin'_On_Heaven's_Door_(Visualizer).wav;66.0;Gb major;0.08188703656196594;0.5718946852772433;0.3868347601682813;0.8628668993711471
2fnMKNqdGCf78E12681NRG;Angels Or Devils;Dishwalla;Opaline;2002.0;243.8;53;False;https://open.spotify.com/track/2fnMKNqdGCf78E12681NRG;guitar_stems/ANGELS_OR_DEVILS_-_Dishwalla_(Lyrics).wav;79.0;B major;0.05328633263707161;0.6204401901089028;0.2760067847149369;0.8403221726417541
5UJQ0Ht5Oh1O68pAXNbUk1;Everything;Lifehouse;No Name Face;2000.0;367.16;51;False;https://open.spotify.com/track/5UJQ0Ht5Oh1O68pAXNbUk1;guitar_stems/Everything.wav;92.0;E major;0.04965319111943245;0.5652232982637295;0.26276824835920254;0.8793081164360046
64yrDBpcdwEdNY9loyEGbX;21 Guns;Green Day;21st Century Breakdown;2009.0;321.093;75;False;https://open.spotify.com/track/64yrDBpcdwEdNY9loyEGbX;guitar_stems/Green_Day_-_21_Guns_[Official_Music_Video].wav;81.0;C major;0.050587303936481476;0.6199787877609308;0.2538438341656567;1.002585357427597
3UygY7qW2cvG9Llkay6i1i;Going Under;Evanescence;Fallen;2003.0;214.946;77;False;https://open.spotify.com/track/3UygY7qW2cvG9Llkay6i1i;guitar_stems/Evanescence_-_Going_Under_(Official_HD_Music_Video).wav;66.0;B major;0.046909768134355545;0.6415249289481463;0.5326171626457957;1.152810537815094
1L94M3KIu7QluZe63g64rv;Alive;Pearl Jam;Ten;1991.0;340.907;75;False;https://open.spotify.com/track/1L94M3KIu7QluZe63g64rv;guitar_stems/Pearl_Jam_-_Alive_(Official_Video).wav;65.0;D major;0.0357571579515934;0.5876829974811335;0.3027882179272559;1.005604863166809
2nLtzopw4rPReszdYBJU6h;Numb;Linkin Park;Meteora;2003.0;187.52;87;False;https://open.spotify.com/track/2nLtzopw4rPReszdYBJU6h;guitar_stems/Numb_(Official_Music_Video)_[4K_UPGRADE]_–_Linkin_Park.wav;56.0;F# minor;0.04814423993229866;0.6339780299132574;0.261341871381165;1.068139949440956
4aYLAF6ckQ5ooGGGM7sWAa;The Unforgiven;Metallica;Metallica;1991.0;386.493;74;False;https://open.spotify.com/track/4aYLAF6ckQ5ooGGGM7sWAa;guitar_stems/Metallica_-_The_Unforgiven_(Official_Music_Video).wav;70.0;A minor;0.0491076223552227;0.5580334634788977;0.4526120247679293;0.8631512850522994
0ADZ5dmXhlfzjMw6lefoPl;Far Away;Nickelback;All the Right Reasons;2005.0;238.173;69;False;https://open.spotify.com/track/0ADZ5dmXhlfzjMw6lefoPl;guitar_stems/Nickelback_-_Far_Away_[OFFICIAL_VIDEO].wav;64.0;E major;0.0019888856913894415;0.6763466059560734;0.19987105260204657;1.1168132185935973
3NLrRZoMF0Lx6zTlYqeIo4;Here Without You;3 Doors Down;Away From The Sun;2002.0;238.733;78;False;https://open.spotify.com/track/3NLrRZoMF0Lx6zTlYqeIo4;guitar_stems/3_Doors_Down_-_Here_Without_You_(Official_Music_Video).wav;72.0;Bb minor;0.08903229236602783;0.5704020735197114;0.40106056855069383;0.8655299484729767
2RsAajgo0g7bMCHxwH3Sk0;Come As You Are;Nirvana;Nevermind (Remastered);1991.0;218.92;81;False;https://open.spotify.com/track/2RsAajgo0g7bMCHxwH3Sk0;guitar_stems/Nirvana_-_Come_As_You_Are_(Official_Music_Video).wav;61.0;E minor;0.08999687433242798;0.6074822672556692;0.28858641916055056;0.9577645182609558
6Qyc6fS4DsZjB2mRW9DsQs;Iris;The Goo Goo Dolls;Dizzy up the Girl;1998.0;289.533;89;False;https://open.spotify.com/track/6Qyc6fS4DsZjB2mRW9DsQs;guitar_stems/Goo_Goo_Dolls_–_Iris_[Official_Music_Video]_[4K_Remaster].wav;78.0;E major;0.01784738525748253;0.6534027819387086;0.22069877288076206;1.1927261799573898
7bC7Yexs57PBrp73s9pZ7Q;For You;The Calling;Daredevil - The Album;2003.0;221.933;43;False;https://open.spotify.com/track/7bC7Yexs57PBrp73s9pZ7Q;guitar_stems/For_You.wav;60.0;Ab major;0.06862698495388031;0.5960783270654162;0.3791177076755811;0.9652051448822021
3ZffCQKLFLUvYM59XKLbVm;Wake Me up When September Ends;Green Day;American Idiot;2004.0;285.653;78;False;https://open.spotify.com/track/3ZffCQKLFLUvYM59XKLbVm;guitar_stems/Green_Day_-_Wake_Me_Up_When_September_Ends_[Official_Music_Video]_[4K_Upgrade].wav;95.0;E major;0.03459436818957329;0.6270476660310256;0.1428334208760155;0.9234553635120392
3G69vJMWsX6ZohTykad2AU;One;U2;Achtung Baby (Deluxe Edition);1991.0;276.186;76;False;https://open.spotify.com/track/3G69vJMWsX6ZohTykad2AU;guitar_stems/Creed_-_One_Last_Breath_(Official_HD_Music_Video).wav;125.0;D major;0.05272954702377319;0.5814940586496467;0.3887518739852763;1.052866566181183
0v1XpBHnsbkCn7iJ9Ucr1l;It's My Life;Bon Jovi;Crush;2000.0;224.493;80;False;https://open.spotify.com/track/0v1XpBHnsbkCn7iJ9Ucr1l;guitar_stems/Bon_Jovi_-_It's_My_Life_(Official_Music_Video).wav;61.0;C major;0.07718775421380997;0.6242910056347281;0.32533273538330043;1.0850462704896926
1bKQ48M9onID2kbSpRy8kK;Send Me An Angel;Scorpions;Crazy World;1990.0;273.333;72;False;https://open.spotify.com/track/1bKQ48M9onID2kbSpRy8kK;guitar_stems/Scorpions_-_Send_Me_An_Angel.wav;107.0;Eb minor;0.0401412770152092;0.5738746685989249;0.24893218722127547;0.7765577495098114
64BbK9SFKH2jk86U3dGj2P;Otherside;Red Hot Chili Peppers;Californication (Deluxe Edition);1999.0;255.373;81;False;https://open.spotify.com/track/64BbK9SFKH2jk86U3dGj2P;guitar_stems/Red_Hot_Chili_Peppers_-_Otherside_[Official_Music_Video]_[HD_UPGRADE].wav;62.0;A major;0.07980088889598846;0.5176566870650594;0.512347550207283;0.8177958011627197
0eKyHwckh9vQb8ncZ2DXCs;With Arms Wide Open;Creed;Human Clay;1999.0;274.8;75;False;https://open.spotify.com/track/0eKyHwckh9vQb8ncZ2DXCs;guitar_stems/Creed_-_With_Arms_Wide_Open_(Official_HD_Music_Video).wav;67.0;G major;0.06077525392174721;0.5804285179850008;0.24855156022811303;0.8604804664850235
4CeeEOM32jQcH3eN9Q2dGj;Smells Like Teen Spirit;Nirvana;Nevermind (Remastered);1991.0;301.92;83;False;https://open.spotify.com/track/4CeeEOM32jQcH3eN9Q2dGj;guitar_stems/Nirvana_-_Smells_Like_Teen_Spirit_(Official_Music_Video).wav;59.0;F major;0.06968927383422852;0.5914525113161182;0.2756202141447823;0.9679744631052016
3gNGi2iUGHXGpBQHce6Nua;When You Were Young;The Killers;Sam's Town;2006.0;220.426;1;False;https://open.spotify.com/track/3gNGi2iUGHXGpBQHce6Nua;guitar_stems/The_Killers_-_When_You_Were_Young_(Official_Music_Video).wav;130.0;E major;0.05000454932451248;0.6571700627842794;0.34409196487785343;1.1711487114429473
5FZxsHWIvUsmSK1IAvm2pp;Best of You;Foo Fighters;In Your Honor;2005.0;255.626;74;False;https://open.spotify.com/track/5FZxsHWIvUsmSK1IAvm2pp;guitar_stems/Foo_Fighters_-_Best_Of_You_(Official_Music_Video).wav;129.0;E major;0.10991130024194717;0.6165757473411695;0.2545751973273485;1.1133174419403076
3QxKpdTB8ZSFn8MGeCCpsQ;Crazy;Aerosmith;Get A Grip;1993.0;316.826;75;False;https://open.spotify.com/track/3QxKpdTB8ZSFn8MGeCCpsQ;guitar_stems/Aerosmith_-_Crazy_(Official_Music_Video).wav;81.0;A major;0.06694331020116806;0.5743387606918385;0.4576115661564041;0.9258307188749313
77loZpT5Y5PRP1S451P9Yz;The Reason;Hoobastank;The Reason (15th Anniversary Deluxe);2003.0;232.8;11;False;https://open.spotify.com/track/77loZpT5Y5PRP1S451P9Yz;guitar_stems/Hoobastank_-_The_Reason_(Official_Music_Video).wav;83.0;E major;0.07072268426418304;0.5980227764499106;0.3805191101040918;0.9364790707826613
6PypGyiu0Y2lCDBN1XZEnP;Everybody Hurts;R.E.M.;Automatic For The People;1992.0;320.266;74;False;https://open.spotify.com/track/6PypGyiu0Y2lCDBN1XZEnP;guitar_stems/R.E.M._-_Everybody_Hurts_(Official_HD_Music_Video).wav;94.0;D major;0.055865541100502014;0.5635170553167893;0.45699404542470984;0.9414330571889877
7iKvKzdvyPHsJbagTguJAj;Don't Stop Dancing;Creed;Weathered;2001.0;272.866;0;False;https://open.spotify.com/track/7iKvKzdvyPHsJbagTguJAj;guitar_stems/Creed_-_Don't_Stop_Dancing.wav;69.0;G major;0.07523292303085327;0.6158605222261753;0.2377205583314836;1.0607038378715514
7BG8BwW3Bhdq4PnZmjDBRm;Selling The Drama;Live;Awake The Best Of Live;2004.0;205.413;45;False;https://open.spotify.com/track/7BG8BwW3Bhdq4PnZmjDBRm;guitar_stems/Live_-_Selling_The_Drama.wav;62.0;Gb major;0.022512393072247505;0.6079065918827025;0.28680699745146654;0.8319832742214203
7kPuCwBWgXy5TGfgwNUKwV;Hole In My Soul;Aerosmith;Nine Lives;1997.0;370.093;1;False;https://open.spotify.com/track/7kPuCwBWgXy5TGfgwNUKwV;guitar_stems/Aerosmith_-_Hole_In_My_Soul.wav;75.0;G major;0.06854822486639023;0.5791993704240308;0.33933078671530503;0.8570072114467621
1f2V8U1BiWaC9aJWmpOARe;By the Way;Red Hot Chili Peppers;By the Way (Deluxe Edition);2002.0;216.933;75;False;https://open.spotify.com/track/1f2V8U1BiWaC9aJWmpOARe;guitar_stems/Red_Hot_Chili_Peppers_-_By_The_Way_[Official_Music_Video].wav;124.0;A minor;0.029788492247462273;0.5971137103140747;0.5681091885097436;0.8165008261799812
1OutzYv6YiN93lrT3pJsWR;It's My Life;No Doubt;It's My Life;2003.0;226.053;58;False;https://open.spotify.com/track/1OutzYv6YiN93lrT3pJsWR;guitar_stems/Bon_Jovi_-_It's_My_Life_(Official_Music_Video).wav;61.0;C major;0.07718775421380997;0.6242910056347281;0.32533273538330043;1.0850462704896926
6mAfxuTuRz1FWfriiFf57y;Don't Cry;Guns N' Roses;Use Your Illusion II;1991.0;284.266;54;False;https://open.spotify.com/track/6mAfxuTuRz1FWfriiFf57y;guitar_stems/Guns_N'_Roses_-_Don't_Cry.wav;125.0;B major;0.016575971618294716;0.5950422910687636;0.38518437390149507;0.9712651401758193
4wtHbIS26FOtpjMkaQQ8Zk;Kiss The Rain;Billie Myers;Growing, Pains;1997.0;270.16;55;False;https://open.spotify.com/track/4wtHbIS26FOtpjMkaQQ8Zk;guitar_stems/Billie_Myers_-_Kiss_The_Rain_(Official_Video).wav;90.0;A major;0.015429986640810966;0.6314923141614461;0.2612363293608757;1.0133514136075974
1zng9uqqXoPkmU05nsAlsw;Bed Of Roses;Bon Jovi;Keep The Faith;1992.0;394.4;75;False;https://open.spotify.com/track/1zng9uqqXoPkmU05nsAlsw;guitar_stems/Bon_Jovi_-_Bed_Of_Roses_(Official_Music_Video).wav;82.0;F major;0.033724963665008545;0.5805554659988557;0.26313628011845924;0.8756459176540374
0tWEB6BxbI48XN79QE1JbT;Everybody's Fool;Evanescence;Fallen;2003.0;195.88;69;False;https://open.spotify.com/track/0tWEB6BxbI48XN79QE1JbT;;;;;;;
5x9RZg7HfXGY3JayXL3seF;Cats In The Cradle;Ugly Kid Joe;America's Least Wanted;1992.0;241.893;63;False;https://open.spotify.com/track/5x9RZg7HfXGY3JayXL3seF;guitar_stems/Ugly_Kid_Joe_-_Cats_In_The_Cradle_(Official_Music_Video).wav;76.0;Ab major;0.019383840262889862;0.6335034481772828;0.23355366097822938;1.0091241806745528
6Wx88Mv6b9ofjKMKkdwOJd;New Divide;Linkin Park;Transformers: Revenge Of The Fallen The Album;2009.0;268.613;70;False;https://open.spotify.com/track/6Wx88Mv6b9ofjKMKkdwOJd;guitar_stems/New_Divide_(Official_Music_Video)_[4K_Upgrade]_-_Linkin_Park.wav;59.0;F minor;0.09297330677509308;0.5836150212569202;0.3126990624124467;0.9232116758823394
5c1QJAiC3773EwiZLwHf5x;Again;Lenny Kravitz;Again;2000.0;231.666;71;False;https://open.spotify.com/track/5c1QJAiC3773EwiZLwHf5x;guitar_stems/Lenny_Kravitz_-_Again_(Official_Music_Video).wav;79.0;A major;0.049918510019779205;0.6036227112557524;0.34705846316555605;0.892114046216011
0QnONzv3TvHAWk294h6DaQ;Last Kiss;Pearl Jam;Last Kiss;1999.0;195.466;72;False;https://open.spotify.com/track/0QnONzv3TvHAWk294h6DaQ;guitar_stems/Pearl_Jam_-_Last_Kiss_(Official_Audio).wav;56.0;G major;0.08999788761138916;0.5925815006998112;0.30773871398512137;0.8951576560735702
4iy05BhSMenHHmG0Pcs9ZV;Angel;Aerosmith;Big Ones;1994.0;306.773;29;False;https://open.spotify.com/track/4iy05BhSMenHHmG0Pcs9ZV;guitar_stems/Scorpions_-_Send_Me_An_Angel.wav;107.0;Eb minor;0.0401412770152092;0.5738746685989249;0.24893218722127547;0.7765577495098114
2IZZqH4K02UIYg5EohpNHF;Zombie;The Cranberries;No Need To Argue;1994.0;306.426;9;False;https://open.spotify.com/track/2IZZqH4K02UIYg5EohpNHF;guitar_stems/The_Cranberries_-_Zombie_(Official_Music_Video).wav;83.0;G major;0.06671306490898132;0.5830510748628108;0.24908143075819308;1.053943294286728
6FPnecQDKOWSAKDKBAZ7ZG;The Dolphin's Cry;Live;The Distance To Here;1999.0;264.16;57;False;https://open.spotify.com/track/6FPnecQDKOWSAKDKBAZ7ZG;;;;;;;
31AOj9sFz2gM0O3hMARRBx;Losing My Religion;R.E.M.;Out Of Time (25th Anniversary Edition);1991.0;268.426;84;False;https://open.spotify.com/track/31AOj9sFz2gM0O3hMARRBx;guitar_stems/R.E.M._-_Losing_My_Religion_(Official_HD_Music_Video).wav;125.0;A minor;0.0030360491946339607;0.6126619579914072;0.4886979420986985;0.8883985877037048
3fjmSxt0PskST13CSdBUFx;Somewhere I Belong;Linkin Park;Meteora (Bonus Edition);2003.0;213.933;78;False;https://open.spotify.com/track/3fjmSxt0PskST13CSdBUFx;guitar_stems/Somewhere_I_Belong_(Official_Music_Video)_[4K_UPGRADE]_–_Linkin_Park.wav;81.0;Bb minor;0.08131875097751617;0.5983662491850117;0.2922638663680244;1.029145297408104
31v2AQlx4pDI7kmnLxBkem;Mmm Mmm Mmm Mmm;Crash Test Dummies;God Shuffled His Feet;1993.0;235.173;65;False;https://open.spotify.com/track/31v2AQlx4pDI7kmnLxBkem;guitar_stems/Crash_Test_Dummies_-_Mmm_Mmm_Mmm_Mmm_(Official_Video).wav;94.0;Eb major;0.0067433505319058895;0.5893967870128294;0.5225054264251059;0.7458821207284927
4R9MweXSxCektsdVJ2uS8V;Someday I'll Be Saturday Night;Bon Jovi;Cross Road;1994.0;279.173;54;False;https://open.spotify.com/track/4R9MweXSxCektsdVJ2uS8V;guitar_stems/Bon_Jovi_-_Someday_I'll_Be_Saturday_Night_(Intl._Version)_(Official_Music_Video).wav;64.0;E major;0.05915354937314987;0.6212202635961208;0.24866140852341506;0.9995466828346252
7ofV2J7Ndzo2s5NBEgfpxl;The Show Must Go On - Remastered 2011;Queen;Greatest Hits II (Remastered);1991.0;263.626;49;False;https://open.spotify.com/track/7ofV2J7Ndzo2s5NBEgfpxl;;;;;;;
6oNvmplQGUkmAh441Teows;I Touch Myself;Divinyls;Divinyls;1991.0;227.64;63;False;https://open.spotify.com/track/6oNvmplQGUkmAh441Teows;guitar_stems/Divinyls_-_I_Touch_Myself_(Official_Music_Video).wav;113.0;Gb major;0.03856081888079643;0.5863049445465722;0.4371202760903078;0.886908558011055
17S4XrLvF5jlGvGCJHgF51;Learning To Fly;Tom Petty and the Heartbreakers;Into The Great Wide Open;1991.0;242.106;72;False;https://open.spotify.com/track/17S4XrLvF5jlGvGCJHgF51;guitar_stems/Tom_Petty_And_The_Heartbreakers_-_Learning_To_Fly_(Version_1).wav;117.0;C major;0.01744293048977852;0.5967850184660936;0.4155503118836893;0.9087498664855956
4PkJ7c9y1CwpuVOiJODnCZ;Someday;Nickelback;The Long Road;2003.0;207.466;73;False;https://open.spotify.com/track/4PkJ7c9y1CwpuVOiJODnCZ;guitar_stems/Nickelback_-_Someday.wav;82.0;D major;0.03685691952705383;0.6122234726144082;0.271237702229112;1.0634957045316695
4t1fWWJQs5V9YErfsrDslC;Cryin';Aerosmith;Get A Grip;1993.0;308.56;72;False;https://open.spotify.com/track/4t1fWWJQs5V9YErfsrDslC;guitar_stems/Aerosmith_-_Cryin'_(Official_Music_Video).wav;105.0;A major;0.08587305247783661;0.5943173550871277;0.34705287570411236;0.911082637310028
0aGQHMr7bc23Y9Ts84ffop;Around the World;Red Hot Chili Peppers;Californication (Deluxe Edition);1999.0;238.733;70;True;https://open.spotify.com/track/0aGQHMr7bc23Y9Ts84ffop;guitar_stems/Red_Hot_Chili_Peppers_-_Around_The_World_[Official_Music_Video]_[HD_UPGRADE].wav;96.0;C major;0.07315247505903244;0.558690991189833;0.917281132796693;0.7809443727135658
3tRv4ZYZimrL27flnjgeR6;Every You Every Me;Placebo;Without You I'm Nothing;1998.0;213.8;2;False;https://open.spotify.com/track/3tRv4ZYZimrL27flnjgeR6;guitar_stems/Placebo_-_Every_You_Every_Me_(Official_Music_Video).wav;66.0;D minor;0.031517889350652695;0.6289391371611505;0.30648629377809244;1.0221925735473631
5vHLwhxxlGzmClMcxRRFPr;Lithium;Nirvana;Nevermind (Remastered);1991.0;257.053;73;False;https://open.spotify.com/track/5vHLwhxxlGzmClMcxRRFPr;guitar_stems/Evanescence_-_Lithium.wav;61.0;Bb major;0.04836144670844078;0.6369242236899478;0.2502257206040375;1.1281310766935349
2VSbEXqs6NbNiZSTcHlIDR;My Sacrifice;Creed;Weathered;2001.0;294.6;76;False;https://open.spotify.com/track/2VSbEXqs6NbNiZSTcHlIDR;guitar_stems/Creed_-_My_Sacrifice.wav;64.0;D major;0.05534495785832405;0.6190476025563032;0.2428103293122128;1.1620063751935958
1OxcIUqVmVYxT6427tbhDW;Fly Away;Lenny Kravitz;5;1998.0;221.332;75;False;https://open.spotify.com/track/1OxcIUqVmVYxT6427tbhDW;guitar_stems/Lenny_Kravitz_-_Fly_Away_(Official_Music_Video).wav;80.0;A minor;0.05035107955336571;0.6302401070911231;0.7232930270839824;1.1822891771793365
3ovjw5HZZv43SxTwApooCM;Wind Of Change;Scorpions;Crazy World;1990.0;312.36;80;False;https://open.spotify.com/track/3ovjw5HZZv43SxTwApooCM;guitar_stems/Scorpions_-_Wind_Of_Change_(Official_Music_Video).wav;76.0;C major;0.04912109673023224;0.5660529393714802;0.41339911413305563;0.8885098189115525
6nswV1Lz3OZkaiCJfmVUOa;The Unforgiven II;Metallica;Reload;1997.0;396.44;67;False;https://open.spotify.com/track/6nswV1Lz3OZkaiCJfmVUOa;guitar_stems/Metallica_-_The_Unforgiven_II_(Official_Music_Video).wav;66.0;G# minor;0.07278367877006531;0.594144015342956;0.3534259186975088;1.0664493799209593
5qlJg0Wbj3sslxfwiaRNpq;"I Don't Want To Miss A Thing - From ""Armageddon"" Soundtrack";Aerosmith;I Don't Want To Miss A Thing EP;1998.0;299.723;77;False;https://open.spotify.com/track/5qlJg0Wbj3sslxfwiaRNpq;;;;;;;
697M5JB8FDIyRXEXgl1pBZ;From the Inside;Linkin Park;Meteora (Bonus Edition);2003.0;175.506;66;False;https://open.spotify.com/track/697M5JB8FDIyRXEXgl1pBZ;guitar_stems/From_The_Inside_(Official_Music_Video)_[4K_UPGRADE]_–_Linkin_Park.wav;95.0;C# minor;0.08185799419879913;0.6157104334905876;0.2736209799138239;1.0162402242422104
577MNC3o3L0lNIzx9abqOk;Thank You For Loving Me;Bon Jovi;Crush;2000.0;308.933;64;False;https://open.spotify.com/track/577MNC3o3L0lNIzx9abqOk;guitar_stems/Bon_Jovi_-_Thank_You_For_Loving_Me_(Official_Music_Video).wav;66.0;D major;0.03613920509815216;0.595357082368363;0.3052559262077713;0.9069632023572921
57iDDD9N9tTWe75x6qhStw;Bitter Sweet Symphony - Remastered 2016;The Verve;Urban Hymns (Remastered 2016);1997.0;357.266;82;False;https://open.spotify.com/track/57iDDD9N9tTWe75x6qhStw;;;;;;;
3PYdxIDuBIuJSDGwfptFx4;My Immortal - Band Version;Evanescence;Fallen;2003.0;273.36;59;False;https://open.spotify.com/track/3PYdxIDuBIuJSDGwfptFx4;;;;;;;
2nvC4i2aMo4CzRjRflysah;In My Place;Coldplay;A Rush of Blood to the Head;2002.0;226.68;74;False;https://open.spotify.com/track/2nvC4i2aMo4CzRjRflysah;guitar_stems/Coldplay_-_In_My_Place_(Official_4K_Video).wav;73.0;A major;0.06205253303050995;0.580806900537788;0.36775524622054473;0.9019488394260406
5kcsc92tGAjS0uvhDY3Mok;Ode To My Family;The Cranberries;No Need To Argue (The Complete Sessions 1994-1995);1994.0;271.533;73;False;https://open.spotify.com/track/5kcsc92tGAjS0uvhDY3Mok;guitar_stems/The_Cranberries_-_Ode_To_My_Family_(Official_Music_Video).wav;95.0;D major;0.04026109352707863;0.5737719167500519;0.39146380982098045;0.8724598735570908
23zzKOubAzAu8xlQdkVvZ2;Janie's Got A Gun;Aerosmith;Big Ones;1994.0;329.626;45;False;https://open.spotify.com/track/23zzKOubAzAu8xlQdkVvZ2;guitar_stems/Aerosmith_-_Janie's_Got_A_Gun.wav;58.0;F major;0.039024848490953445;0.6038865948960541;0.4416459472403151;0.8987893402576447
3y9zMGuxWS8xkpOxNPfiMZ;Miss You Love;Silverchair;Neon Ballroom;1999.0;240.733;43;False;https://open.spotify.com/track/3y9zMGuxWS8xkpOxNPfiMZ;guitar_stems/Silverchair_-_Miss_You_Love_(Official_Video).wav;72.0;D major;0.014297044835984707;0.58798675438161;0.4086914601977506;0.9292661726474761
1hwJKpe0BPUsq6UUrwBWTw;Boulevard of Broken Dreams;Green Day;Boulevard of Broken Dreams;2004.0;261.266;73;True;https://open.spotify.com/track/1hwJKpe0BPUsq6UUrwBWTw;guitar_stems/Green_Day_-_Boulevard_Of_Broken_Dreams_[Official_Music_Video]_[4K_Upgrade].wav;82.0;F minor;0.041175976395606995;0.639818427280219;0.5041273323125295;1.0578976482152938
0815caqt2Lytro5EIzMufT;You And Me;Lifehouse;Lifehouse;2005.0;195.493;75;False;https://open.spotify.com/track/0815caqt2Lytro5EIzMufT;guitar_stems/Lifehouse_-_You_And_Me_(Official_Music_Video).wav;94.0;E major;0.030643712729215622;0.6226097307281833;0.2056969720512644;1.0038726478815079
0XwjdpwvEwukcg3XU4Ibzt;Blaze Of Glory;Jon Bon Jovi;Cross Road;1994.0;340.0;58;False;https://open.spotify.com/track/0XwjdpwvEwukcg3XU4Ibzt;guitar_stems/Jon_Bon_Jovi_-_Blaze_Of_Glory_(Official_Music_Video).wav;77.0;D major;0.06224650517106056;0.6126412952395475;0.19026364902934767;1.0840983420610428
0RsOUnm1wNpbXxZ8a4abOP;Amaranth;Nightwish;Dark Passion Play;2007.0;231.444;62;False;https://open.spotify.com/track/0RsOUnm1wNpbXxZ8a4abOP;guitar_stems/NIGHTWISH_-_Amaranth_(OFFICIAL_MUSIC_VIDEO).wav;64.0;D minor;0.08523397892713547;0.6414815035618278;0.6987825940593455;1.3226263403892518
72hpTHMLFrO4ErhSQl2FhZ;Can't Stop Lovin' You;Van Halen;Balance;1995.0;247.466;61;False;https://open.spotify.com/track/72hpTHMLFrO4ErhSQl2FhZ;guitar_stems/Van_Halen_-_Can't_Stop_Lovin'_You_(Official_Music_Video)_[HD].wav;59.0;A major;0.11915051937103271;0.5889255677268211;0.4134949785680807;0.8783217340707778
3hb2ScEVkGchcAQqrPLP0R;Photograph;Nickelback;All the Right Reasons;2005.0;258.92;66;False;https://open.spotify.com/track/3hb2ScEVkGchcAQqrPLP0R;guitar_stems/Nickelback_-_Photograph_[OFFICIAL_VIDEO].wav;74.0;E major;0.02529742196202278;0.6541673525126224;0.13272267052246484;1.1770512878894805
087OBLtoeS3Q6j0k6tMNAI;Closing Time;Semisonic;Feeling Strangely Fine;1998.0;273.533;0;False;https://open.spotify.com/track/087OBLtoeS3Q6j0k6tMNAI;guitar_stems/Semisonic_-_Closing_Time_(Official_Music_Video).wav;92.0;A minor;0.08271343261003494;0.596043715717436;0.409665956508723;0.929656970500946
0UvCh63URrLFcPkKt99hHd;Don't Look Back in Anger - Remastered;Oasis;(What's The Story) Morning Glory? [Remastered];1995.0;289.56;72;False;https://open.spotify.com/track/0UvCh63URrLFcPkKt99hHd;;;;;;;
4Yf5bqU3NK4kNOypcrLYwU;Faint;Linkin Park;Meteora;2003.0;162.106;83;False;https://open.spotify.com/track/4Yf5bqU3NK4kNOypcrLYwU;guitar_stems/Faint_(Official_Music_Video)_[4K_UPGRADE]_–_Linkin_Park.wav;67.0;C# minor;0.062272947281599045;0.6662980348387875;0.3103545474540784;1.2094378799200058
3ZOEytgrvLwQaqXreDs2Jx;Can't Stop;Red Hot Chili Peppers;By the Way (Deluxe Edition);2002.0;269.0;85;False;https://open.spotify.com/track/3ZOEytgrvLwQaqXreDs2Jx;guitar_stems/Red_Hot_Chili_Peppers_-_Can't_Stop_[Official_Music_Video].wav;92.0;E minor;0.04430801793932915;0.579675194576313;0.9072521230347876;0.8156572759151458
663Karu2rvKLdnY0eo1n3M;Call Me When You're Sober;Evanescence;The Open Door;2006.0;214.706;70;False;https://open.spotify.com/track/663Karu2rvKLdnY0eo1n3M;guitar_stems/Evanescence_-_Call_Me_When_You're_Sober.wav;94.0;E minor;0.042147938162088394;0.6357168398848023;0.2596888104521586;1.185699114203453
3YuaBvuZqcwN3CEAyyoaei;Like a Stone;Audioslave;Audioslave;2002.0;293.96;82;False;https://open.spotify.com/track/3YuaBvuZqcwN3CEAyyoaei;guitar_stems/Audioslave_-_Like_a_Stone_(Official_Video).wav;80.0;G minor;0.04276426509022713;0.5964895844334825;0.4993716817955886;0.8431314826011658
2RChe0r2cMoyOvuKobZy44;Always;Bon Jovi;Cross Road;1994.0;353.026;76;False;https://open.spotify.com/track/2RChe0r2cMoyOvuKobZy44;;;;;;;
60a5c4dDARPsksClcom0OD;Amazing;Aerosmith;Get A Grip;1993.0;355.915;66;False;https://open.spotify.com/track/60a5c4dDARPsksClcom0OD;guitar_stems/Aerosmith_-_Amazing_(Official_Music_Video).wav;70.0;C major;0.07692571729421616;0.6034285041853874;0.30032608285225687;0.9132222443819046
42T2QQv3xgBlpQxaSP7lnK;One Last Breath;Creed;Weathered;2001.0;238.24;82;False;https://open.spotify.com/track/42T2QQv3xgBlpQxaSP7lnK;guitar_stems/Creed_-_One_Last_Breath_(Official_HD_Music_Video).wav;125.0;D major;0.05272954702377319;0.5814940586496467;0.3887518739852763;1.052866566181183
0gzqZ9d1jIKo9psEIthwXe;Beautiful Day;U2;All That You Can't Leave Behind;2000.0;248.4;74;False;https://open.spotify.com/track/0gzqZ9d1jIKo9psEIthwXe;;;;;;;
507bYMYfbm6sUS9iEAaeSd;Broken;Seether, Amy Lee;Disclaimer II;2004.0;258.333;72;False;https://open.spotify.com/track/507bYMYfbm6sUS9iEAaeSd;guitar_stems/Seether_-_Broken_ft._Amy_Lee.wav;63.0;Gb major;0.06789242476224899;0.5922410388885839;0.30338844092066286;0.9857521623373031
75JFxkI2RXiU7L9VXzMkle;The Scientist;Coldplay;A Rush of Blood to the Head;2002.0;309.6;88;False;https://open.spotify.com/track/75JFxkI2RXiU7L9VXzMkle;guitar_stems/Coldplay_-_The_Scientist_(Official_4K_Video).wav;146.0;E major;0.03789277374744415;0.6187428539530735;0.31794937463656103;0.9313257426023482
1hWrl3T1kIH5b9zRHLfCOn;What's My Age Again?;blink-182;Enema Of The State;1999.0;148.573;8;False;https://open.spotify.com/track/1hWrl3T1kIH5b9zRHLfCOn;;;;;;;
0wIBOrGO6PUkhsrbhJdlcJ;Tears of the Dragon;Bruce Dickinson;Balls To Picasso;1994.0;384.013;0;False;https://open.spotify.com/track/0wIBOrGO6PUkhsrbhJdlcJ;guitar_stems/Bruce_Dickinson_-_Tears_Of_The_Dragon_(Official_HD_Video).wav;70.0;E minor;0.05527108535170555;0.5743167559788014;0.30082273147505906;0.8080532491207123
3TW48DvQ7ChwY1Yy1tkMaP;Runaway Train (2022 Remaster);Soul Asylum;Grave Dancers Union (2022 Remaster);1992.0;266.56;71;False;https://open.spotify.com/track/3TW48DvQ7ChwY1Yy1tkMaP;;;;;;;
5j7gLuOsBOyqooruGxX4nx;Taking Over Me;Evanescence;Fallen;2003.0;228.613;57;False;https://open.spotify.com/track/5j7gLuOsBOyqooruGxX4nx;guitar_stems/Evanescence_-_Taking_Over_Me_(Remastered_2023)_-_Official_Visualizer.wav;63.0;A minor;0.0701528936624527;0.6354599303267927;0.632442315832902;1.0722375601530074
0lP4HYLmvowOKdsQ7CVkuq;The Kill;Thirty Seconds To Mars;A Beautiful Lie;2005.0;231.533;78;False;https://open.spotify.com/track/0lP4HYLmvowOKdsQ7CVkuq;guitar_stems/The_Killers_-_When_You_Were_Young_(Official_Music_Video).wav;130.0;E major;0.05000454932451248;0.6571700627842794;0.34409196487785343;1.1711487114429473
3rnU9CkxjXJ1uCCnb3t56l;Ana's Song (Open Fire);Silverchair;Neon Ballroom;1999.0;222.266;50;False;https://open.spotify.com/track/3rnU9CkxjXJ1uCCnb3t56l;guitar_stems/Silverchair_-_Ana's_Song_(Open_Fire)_(Official_Video).wav;80.0;G minor;0.012952364981174469;0.6252269263535045;0.22987496241409072;1.063446655869484
4Y3WqmBWmG23thvU9xEhMv;Easy;Faith No More;Angel Dust (Deluxe Edition);1992.0;186.96;63;False;https://open.spotify.com/track/4Y3WqmBWmG23thvU9xEhMv;guitar_stems/Faith_No_More_-_Easy_(Official_Music_Video).wav;94.0;E major;0.012604272924363613;0.6641521127654502;0.17688186470563474;1.1974010646343232
1Vej0qeQ3ioKwpI6FUbRv1;Papercut;Linkin Park;Hybrid Theory (Bonus Edition);2000.0;184.866;77;False;https://open.spotify.com/track/1Vej0qeQ3ioKwpI6FUbRv1;guitar_stems/Papercut_[Official_HD_Music_Video]_-_Linkin_Park.wav;75.0;C# minor;0.060106996446847916;0.6443981179538607;0.48397670621813454;1.2010545194149016
2m1hi0nfMR9vdGC8UcrnwU;All The Small Things;blink-182;Enema Of The State;1999.0;167.066;81;False;https://open.spotify.com/track/2m1hi0nfMR9vdGC8UcrnwU;guitar_stems/blink-182_-_All_The_Small_Things_(Official_Music_Video).wav;74.0;C major;0.08816182613372803;0.6054294248891943;0.5756064082271084;1.0335422247648238
0MaUkkAY8As9h2yHHrXmSu;Misunderstood;Bon Jovi;Bounce;2002.0;210.08;59;False;https://open.spotify.com/track/0MaUkkAY8As9h2yHHrXmSu;guitar_stems/Bon_Jovi_-_Misunderstood_(Official_Music_Video).wav;55.0;G major;0.08145283162593842;0.5963625297858695;0.3463582704168286;0.9646012991666794
5DiXcVovI0FcY2s0icWWUu;Mr. Jones;Counting Crows;August And Everything After;1993.0;272.293;79;False;https://open.spotify.com/track/5DiXcVovI0FcY2s0icWWUu;guitar_stems/Counting_Crows_-_Mr._Jones_(Official_Music_Video).wav;71.0;A minor;0.05298193544149399;0.582188965277078;0.39116658459342124;0.8935438513755798
2gANywSFYF58YFMPdDSAjC;Stand by Me;Oasis;Be Here Now;1997.0;356.6;62;False;https://open.spotify.com/track/2gANywSFYF58YFMPdDSAjC;guitar_stems/Oasis_-_Stand_By_Me_(Official_Video).wav;84.0;G major;0.07570046931505203;0.5967369927210693;0.21516672132648007;0.9616696894168854
5egqKwgK5r5rvGD1LrtR7J;Points of Authority;Linkin Park;Hybrid Theory (Bonus Edition);2000.0;200.24;68;False;https://open.spotify.com/track/5egqKwgK5r5rvGD1LrtR7J;guitar_stems/Points_Of_Authority_[Official_HD_Music_Video]_-_Linkin_Park.wav;66.0;Eb minor;0.05596036836504936;0.6425155258221247;0.9846479360465283;1.1818365722894668
79pY2Z5eFvXMt9bSdHLrnA;I Am Mine;Pearl Jam;Riot Act;2002.0;215.333;58;False;https://open.spotify.com/track/79pY2Z5eFvXMt9bSdHLrnA;guitar_stems/Pearl_Jam_-_I_Am_Mine_(Live_at_Chop_Suey_-_Official_HD_Video).wav;104.0;D major;0.11111924797296524;0.5850836048381305;0.3458371287526404;0.9223090052604674
0uYVJ8z5kgMayMNPJA6Cz9;Running Up That Hill;Placebo;Covers;2003.0;297.32;63;False;https://open.spotify.com/track/0uYVJ8z5kgMayMNPJA6Cz9;guitar_stems/Placebo_-_Running_Up_That_Hill_(A_Deal_With_God)_(Cover)_Official_Audio.wav;90.0;C minor;0.028341414406895638;0.6075671377730851;0.40811065836399524;1.0070026874542235
5YaLFRpqpUzgLLDcukNn0H;Lithium;Evanescence;The Open Door;2006.0;224.106;66;False;https://open.spotify.com/track/5YaLFRpqpUzgLLDcukNn0H;guitar_stems/Evanescence_-_Lithium.wav;61.0;Bb major;0.04836144670844078;0.6369242236899478;0.2502257206040375;1.1281310766935349
1klDPm7SfsS32hl7KHV9iy;Stuck In A Moment You Can't Get Out Of;U2;All That You Can't Leave Behind;2000.0;273.466;64;False;https://open.spotify.com/track/1klDPm7SfsS32hl7KHV9iy;guitar_stems/U2_-_Stuck_In_A_Moment_You_Can't_Get_Out_Of_(Official_Music_Video).wav;80.0;E major;0.08435898274183273;0.5593139001280629;0.6108257417886973;0.7835568845272064
0vTKR5TQD03kASmEGlyDF3;In These Arms;Bon Jovi;Keep The Faith;1992.0;319.226;63;False;https://open.spotify.com/track/0vTKR5TQD03kASmEGlyDF3;guitar_stems/Bon_Jovi_-_In_These_Arms.wav;62.0;E major;0.0437234602868557;0.6041922322055754;0.2814096723278061;0.9530456274747848
6L89mwZXSOwYl76YXfX13s;Basket Case;Green Day;Dookie;1994.0;181.533;81;False;https://open.spotify.com/track/6L89mwZXSOwYl76YXfX13s;guitar_stems/Green_Day_-_Basket_Case_[Official_Music_Video]_(4K_Upgrade).wav;88.0;Eb major;0.08160928636789322;0.6307803730553814;0.3647224352849645;1.1180740535259246
3RlsVPIIs5KFhLFhxZ4iDF;Rockstar;Nickelback;All the Right Reasons (Walmart Exclusive Edition);2005.0;252.04;66;False;https://open.spotify.com/track/3RlsVPIIs5KFhLFhxZ4iDF;guitar_stems/Nickelback_-_Rockstar_[OFFICIAL_VIDEO].wav;72.0;C major;0.014866005629301071;0.646706774989459;0.21847506902184533;1.033652901649475
0zyflDbCyPqW9dG4Ivd8Td;Under The Same Sun;Scorpions;Deadly Sting: The Mercury Years;1997.0;293.04;24;False;https://open.spotify.com/track/0zyflDbCyPqW9dG4Ivd8Td;guitar_stems/Scorpions_-_Under_The_Same_Sun.wav;75.0;D major;0.024775873869657516;0.6106493133474995;0.4108850665371156;0.924769252538681
7q6CybWAg3uYLgS5tDWqmd;Imaginary;Evanescence;Fallen;2003.0;256.493;57;False;https://open.spotify.com/track/7q6CybWAg3uYLgS5tDWqmd;guitar_stems/Evanescence_-_Imaginary_(Remastered_2023)_-_Official_Visualizer.wav;64.0;E major;0.07027674466371536;0.6334531868770537;0.26210392308331276;1.0632506310939789
0gEyKnHvgkrkBM6fbeHdwK;Linger;The Cranberries;Everybody Else Is Doing It, So Why Can't We?;1993.0;274.706;83;False;https://open.spotify.com/track/0gEyKnHvgkrkBM6fbeHdwK;guitar_stems/The_Cranberries_-_Linger_(Official_Music_Video).wav;64.0;D major;0.032777655869722366;0.5618123878105017;0.3798181332852434;0.8233987301588058
4kmGRW1BgoKendL6V7cz29;Before It's Too Late;The Goo Goo Dolls;Greatest Hits Volume One - The Singles;2007.0;187.76;47;False;https://open.spotify.com/track/4kmGRW1BgoKendL6V7cz29;guitar_stems/Goo_Goo_Dolls_-_Before_It's_Too_Late_(Sam_and_Mikaela's_Theme)_[Official_Music_Video].wav;65.0;C major;0.053241778165102005;0.5939525550868312;0.2751299629726729;0.9120187997817992
1fr92Vupmcs2vgLMFVQ7rd;In the Shadows;The Rasmus;Dead Letters;2003.0;257.92;72;False;https://open.spotify.com/track/1fr92Vupmcs2vgLMFVQ7rd;guitar_stems/The_Rasmus_-_In_the_Shadows_(Official_Music_Video).wav;105.0;F# minor;0.0646514743566513;0.6070404838873803;0.6507064002793983;1.0669440418481826
3K4HG9evC7dg3N0R9cYqk4;One Step Closer;Linkin Park;Hybrid Theory (Bonus Edition);2000.0;157.333;83;False;https://open.spotify.com/track/3K4HG9evC7dg3N0R9cYqk4;guitar_stems/One_Step_Closer_[Official_HD_Music_Video]_-_Linkin_Park.wav;95.0;G# minor;0.0679856687784195;0.6235182312157439;0.3186575073557097;1.1353111267089844
003vvx7Niy0yvhvHt4a68B;Mr. Brightside;The Killers;Hot Fuss;2004.0;222.973;87;False;https://open.spotify.com/track/003vvx7Niy0yvhvHt4a68B;guitar_stems/The_Killers_-_Mr._Brightside_(Official_Music_Video).wav;73.0;Db major;0.10516747087240219;0.6219560776994477;0.2775478515361543;0.8772059977054596
6ORqU0bHbVCRjXm9AjyHyZ;Good Riddance (Time of Your Life);Green Day;Nimrod;1997.0;153.466;81;True;https://open.spotify.com/track/6ORqU0bHbVCRjXm9AjyHyZ;guitar_stems/Green_Day_-_Good_Riddance_(Time_of_Your_Life)_[Official_Music_Video]_[4K_UPGRADE].wav;96.0;E major;0.007270590402185917;0.6601266651275625;0.14660211771803439;1.0493295550346373
